,title,artist
0,Especially For You,Denise And Johnny
1,To You I Belong,Bwitched
2,Believe,Cher
3,You Should Be...,Blockster
4,Chocolate Salty Balls (P.S. I Love You),Chef
5,Goodbye,Spice Girls
6,Praise You,Fatboy Slim
7,A Little Bit More,911
8,I Want You For Myself,Another Level/Ghostface Killah
9,More Than This,Emmie
10,Gimme Some More,Busta Rhymes
11,Westside,Tq
12,Tequila,Terrorvision
13,These Are The Times,Dru Hill
14,Heartbeat/Tragedy,Steps
15,Boy You Knock Me Out,Tatyana Ali Ft Will Smith
16,Enjoy Yourself,A+
17,Pretty Fly (For A White Guy),Offspring
18,You Dont Know Me,Armand Van Helden/Duane Harden
19,Protect Your Mind (For The Love Of A..),Dj Sakin & Friends
20,Maria,Blondie
21,One Week,Barenaked Ladies
22,Fly Away,Lenny Kravitz
23,Runaway,Corrs
24,Ex-Factor,Lauryn Hill
25,I Want You Back,Nsync
26,Tender,Blur
27,Just Looking,Stereophonics
28,Strong Enough,Cher
29,Its Not Right But Its Okay,Whitney Houston
30,As,George Michael & Mary J.Blige
31,Better Best Forgotten,Steps
32,You Stole The Sun From My Heart,Manic Street Preachers
33,Blame It On The Weatherman,Bwitched
34,When The Going Gets Tough,Boyzone
35,Strong,Robbie Williams
36,We Like To Party! (The Vengabus),Vengaboys
37,You Get What You Give,New Radicals
38,Honey To The Bee,Billie
39,Baby 1 More Time,Britney Spears
40,Witch Doctor,Cartoons
41,Flat Beat,Mr. Oizo
42,Thank Abba For The Music,Various Artists
43,Turn Around,Phats & Small
44,My Name Is,Eminem
45,In Our Lifetime,Texas
46,Red Alert,Basement Jaxx
47,Right Here Right Now,Fatboy Slim
48,Perfect Moment,Martine Mccutcheon
49,Why Dont You Get A Job?,Offspring
50,Private Number,911
51,Swear It Again,Westlife
52,Pick A Part Thats New,Stereophonics
53,No Scrubs,Tlc
54,I Want It That Way,Backstreet Boys
55,You Needed Me,Boyzone
56,Look At Me,Geri Halliwell
57,Kiss Me,Sixpence None The Richer
58,Canned Heat,Jamiroquai
59,Hey Boy Hey Girl,Chemical Brothers
60,Sweet Like Chocolate,Shanks & Bigfoot
61,Everybodys Free (To Wear Sunscreen),Baz Luhrmann
62,That Dont Impress Me Much,Shania Twain
63,Beautiful Stranger,Madonna
64,I Breathe Again,Adam Rickitt
65,Sometimes,Britney Spears
66,If You Had My Love,Jennifer Lopez
67,Bring It All Back,S Club 7
68,My Love Is Your Love,Whitney Houston
69,Wild Wild West,Will Smith
70,9Pm (Till I Come),Atb
71,If Ya Gettin Down,Five
72,Loves Got A Hold On My Heart,Steps
73,Rendez-Vu,Basement Jaxx
74,Guilty Conscience,Eminem Ft Dr Dre
75,When You Say Nothing At All,Ronan Keating
76,Livin La Vida Loca,Ricky Martin
77,Summer Son,Texas
78,If I Let You Go,Westlife
79,Drinking In L.A.,Bran Van 3000
80,Mi Chico Latino,Geri Halliwell
81,Better Off Alone,Alice Deejay
82,Sing It Back,Moloko
83,Bailamos,Enrique Iglesias
84,(Mucho Mambo) Sway,Shaft
85,Summertime Of Our Lives,A1
86,Mickey,Lolly
87,Friends Forever,Thunderbugs
88,The Launch,Dj Jean
89,Get Get Down,Paul Johnson
90,Were Going To Ibiza!,Vengaboys
91,Sun Is Shining,Bob Marley
92,You Drive Me Crazy,Britney Spears
93,S Club Party,S Club 7
94,Goin Down,Melanie C
95,Man! I Feel Like A Woman!,Shania Twain
96,Mambo No.5 (A Little Bit Of...),Lou Bega
97,Give It To You,Jordan Knight
98,Jesse Hold On,Bwitched
99,Blue (Da Ba Dee),Eiffel 65
100,After The Love Has Gone,Steps
101,Dont Stop,Atb
102,Larger Than Life,Backstreet Boys
103,2 Times,Ann Lee
104,Flying Without Wings,Westlife
105,Genie In A Bottle,Christina Aguilera
106,Waiting For Tonight,Jennifer Lopez
107,Keep On Movin,Five
108,What I Am,Tin Tin Out Ft Emma Bunton
109,Lift Me Up,Geri Halliwell
110,Everytime/Ready Or Not,A1
111,Will 2K,Will Smith
112,Shes The One/Its Only Us,Robbie Williams
113,If I Could Turn Back The Hands Of Time,R Kelly
114,Northern Star,Melanie C
115,Every Day I Love You,Boyzone
116,King Of My Castle,Wamdue Project
117,Back In My Life,Alice Deejay
118,The Millennium Prayer,Cliff Richard
119,Mr. Hankey The Christmas Poo,Mr Hankey
120,Imagine,John Lennon
121,Two In A Million/Youre My Number One,S Club 7
122,Kiss (When The Sun Dont Shine),Vengaboys
123,Say Youll Be Mine/Better The Devil..,Steps
124,I Have A Dream/Seasons In The Sun,Westlife
125,More Than I Needed To Know,Scooch
126,Re-Rewind The Crowd Say Bo Selecta,Artful Dodger Ft Craig David
127,The Masses Against The Classes,Manic Street Preachers
128,Glorious,Andreas Johnson
129,U Know Whats Up,Donell Jones
130,Born To Make You Happy,Britney Spears
131,Sweet Love 2K,Fierce
132,The Great Beyond,Rem
133,Adelante,Sash!
134,Move Your Body,Eiffel 65
135,Dolphins Were Monkeys,Ian Brown
136,Go Let It Out,Oasis
137,What A Girl Wants,Christina Aguilera
138,Dont Be Stupid (You Know I Love You),Shania Twain
139,Rise,Gabrielle
140,Show Me The Meaning Of Being Lonely,Backstreet Boys
141,Caught Out There,Kelis
142,Money,Jamelia
143,Shalala Lala,Vengaboys
144,Movin Too Fast,Artful Dodger & Romina Johnson
145,Bye Bye Bye,Nsync
146,Pure Shores,All Saints
147,Sitting Down Here,Lene Marlin
148,Mama Told Me Not To Come,Tom Jones & Stereophonics
149,American Pie,Madonna
150,Killer,Atb
151,All The Small Things,Blink 182
152,Dont Give Up,Chicane Ft Bryan Adams
153,Bag It Up,Geri Halliwell
154,Say My Name,Destinys Child
155,The Time Is Now,Moloko
156,Smooth,Santana Ft Rob Thomas
157,Fool Again,Westlife
158,Never Be The Same Again,Melanie C/Lisa Left Eye Lopes
159,A Song For The Lovers,Richard Ashcroft
160,Deeper Shade Of Blue,Steps
161,Flowers,Sweet Female Attitude
162,He Wasnt Man Enough,Toni Braxton
163,Who Feels Love?,Oasis
164,Fill Me In,Craig David
165,Thong Song,Sisqo
166,Tocas Miracle,Coco Vs Fragma
167,The Bad Touch,Bloodhound Gang
168,Heart Of Asia,Watergate
169,Koochy,Armand Van Helden
170,Bound 4 Da Reload (Casualty),Oxide & Neutrino
171,Oops! I Did It Again,Britney Spears
172,Masterblaster 2000,Dj Luck & Mc Neat
173,Sex Bomb,Tom Jones & Mousse T
174,Day & Night,Billie Piper
175,Dont Call Me Baby,Madison Avenue
176,Its My Life,Bon Jovi
177,New Beginning/Bright Eyes,Stephen Gately
178,Shackles (Praise You),Mary Mary
179,Coming Around,Travis
180,Mama Who Da Man,Richard Blackwood
181,On The Beach,York
182,Reach,S Club 7
183,Porcelain,Moby
184,It Feels So Good,Sonique
185,You See The Trouble With Me,Black Legend
186,Babylon,David Gray
187,Gotta Tell You,Samantha Mumba
188,Spinning Around,Kylie Minogue
189,Sandstorm,Darude
190,Yellow,Coldplay
191,Sunday Morning Call,Oasis
192,When I Said Goodbye/Summer Of Love,Steps
193,Try Again,Aaliyah
194,Take A Look Around (Theme From Mi 2),Limp Bizkit
195,Breathless,Corrs
196,2 Faced,Louise
197,Jumpin Jumpin,Destinys Child
198,The Real Slim Shady,Eminem
199,We Will Rock You,Five & Queen
200,Life Is A Rollercoaster,Ronan Keating
201,Time To Burn,Storm
202,Freestyler,Bomfunk Mcs
203,7 Days,Craig David
204,Doesnt Really Matter,Janet Jackson
205,Rock Dj,Robbie Williams
206,I Turn To You,Melanie C
207,Out Of Your Mind,True Steppers/Bowers/Beckham
208,Groovejet (If This Aint Love),Spiller
209,Big Brother Uk Tv Theme,Element Four
210,Music,Madonna
211,Take On Me,A1
212,It Doesnt Matter,Wyclef Jean
213,Ordinary World,Aurora Ft Naimee Coleman
214,On A Night Like This,Kylie Minogue
215,Sky,Sonique
216,Natural,S Club 7
217,Most Girls,Pink
218,Something Deep Inside,Billie Piper
219,Tell Me,Melanie B
220,Lady (Hear Me Tonight),Modjo
221,Body Groove,Architechs Ft Nana
222,Kernkraft 400,Zombie Nation
223,Silence,Delerium Ft Sarah Mclachlan
224,Black Coffee,All Saints
225,Beautiful Day,U2
226,Kids,Robbie Williams/Kylie Minogue
227,Body Ii Body,Samantha Mumba
228,Stomp,Steps
229,She Bangs,Ricky Martin
230,Holler/Let Love Lead The Way,Spice Girls
231,Im Over You,Martine Mccutcheon
232,Shape Of My Heart,Backstreet Boys
233,Same Old Brand New You,A1
234,Feel The Beat,Darude
235,One More Time,Daft Punk
236,Please Dont Turn Me On,Artful Dodger Ft Lifford
237,Walking Away,Craig David
238,Operation Blade (Bass In The Place),Public Domain
239,Independent Women,Destinys Child
240,Cant Fight The Moonlight,Leann Rimes
241,Supreme,Robbie Williams
242,Never Had A Dream Come True,S Club 7
243,What Makes A Man,Westlife
244,Who Let The Dogs Out,Baha Men
245,Stan,Eminem
246,Can We Fix It,Bob The Builder
247,Buck Rogers,Feeder
248,The Way You Make Me Feel,Steps
249,Love Dont Cost A Thing,Jennifer Lopez
250,Everytime You Need Me,Fragma Ft Maria Rubia
251,Pop Ya Collar,Usher
252,Touch Me,Rui Da Silva Ft Cassandra
253,The Next Episode,Dr Dre Ft Snoop Dogg
254,Chase The Sun,Planet Funk
255,Case Of The Ex,Mya
256,Stuck In A Moment You Cant Get Out Of,U2
257,Last Resort,Papa Roach
258,Loco,Fun Lovin Criminals
259,Rollin,Limp Bizkit
260,Back Here,Bbmak
261,American Dream,Jakatta
262,Here With Me,Dido
263,Feels So Good,Melanie B
264,Always Come Back To Your Love,Samantha Mumba
265,Im Like A Bird,Nelly Furtado
266,Ms Jackson,Outkast
267,Nobody Wants To Be Lonely,Ricky Martin With C Aguilera
268,Teenage Dirtbag,Wheatus
269,Whole Again,Atomic Kitten
270,Mr Writer,Stereophonics
271,Uptown Girl,Westlife
272,Butterfly,Crazy Town
273,Clint Eastwood,Gorillaz
274,Pure And Simple,Hearsay
275,What Took You So Long,Emma Bunton
276,All For You,Janet Jackson
277,It Wasnt Me,Shaggy Ft Rikrok
278,Liquid Dreams,O-Town
279,Survivor,Destinys Child
280,Get Ur Freak On,Missy Elliott
281,Lovin Each Day,Ronan Keating
282,Play,Jennifer Lopez
283,Out Of Reach,Gabrielle
284,You Are Alive,Fragma
285,Ride Wit Me,Nelly Ft City Spud
286,Cold As Ice,M.O.P.
287,Its Raining Men,Geri Halliwell
288,Pyramid Song,Radiohead
289,All Rise,Blue
290,Dont Stop Movin,S Club 7
291,Electric Avenue,Eddy Grant
292,Here And Now/Youll Be Sorry,Steps
293,We Come 1,Faithless
294,Do You Really Like It,Dj Pied Piper
295,Until The End Of Time,2 Pac
296,Another Day In Paradise,Brandy & Ray J
297,All I Want,Mis-Teeq
298,U Remind Me,Usher
299,There Youll Be,Faith Hill
300,Angel,Shaggy Ft Rayvon
301,The Way To Your Love,Hearsay
302,Lady Marmalade,C Aguilera/Lil Kim/Mya/Pink
303,Heaven Is A Halfpipe,Opm
304,A Little Respect,Wheatus
305,Another Chance,Roger Sanchez
306,Elevation,U2
307,Purple Pills,D12
308,All Or Nothing,O-Town
309,Perfect Gentleman,Wyclef Jean
310,Bootylicious,Destinys Child
311,Castles In The Sky,Ian Van Dahl
312,Eternal Flame,Atomic Kitten
313,Eternity/The Road To Mandalay,Robbie Williams
314,Little L,Jamiroquai
315,Take Me Home,Sophie Ellis Bextor
316,Let Me Blow Ya Mind,Eve Ft Gwen Stefani
317,21 Seconds,So Solid Crew
318,Turn Off The Light,Nelly Furtado
319,Stuck In The Middle,Louise
320,Take My Breath Away,Emma Bunton
321,Lets Dance,Five
322,Follow Me,Uncle Kracker
323,Starlight,Supermen Lovers/Mani Hoffman
324,Baby Come On Over,Samantha Mumba
325,Set You Free,N Trance
326,Mambo No 5,Bob The Builder
327,Luv Me Luv Me,Shaggy
328,Thinking It Over,Liberty
329,Smooth Criminal,Alien Ant Farm
330,Chain Reaction/One For Sorrow,Steps
331,You Rock My World,Michael Jackson
332,U Got It Bad,Usher
333,What Would You Do,City High
334,Closer To Me,Five
335,Cant Get You Out Of My Head,Kylie Minogue
336,Bohemian Like You,Dandy Warhols
337,Im Real,Jennifer Lopez
338,Rapture,Iio
339,They Dont Know,So Solid Crew
340,Because I Got High,Afroman
341,Emotion,Destinys Child
342,Fallin,Alicia Keys
343,Queen Of My Heart,Westlife
344,Walk On,U2
345,If You Come Back,Blue
346,Everybody,Hearsay
347,Who Do You Love Now (Stringer),Riva Ft Dannii Minogue
348,Resurection,Ppk
349,Have You Ever,S Club 7
350,Words Are Not Enough/I Know Him So Well,Steps
351,Will I,Ian Van Dahl
352,How Wonderful You Are,Gordon Haskell
353,Murder On The Dancefloor,Sophie Ellis Bextor
354,Drowning,Backstreet Boys
355,Somethin Stupid,Robbie Williams/Nicole Kidman
356,Handbags And Gladrags,Stereophonics
357,Gotta Get Thru This,Daniel Bedingfield
358,The Whistle Song (Blow My Whistle Bitch),Dj Aligator Project
359,Bad Intentions,Dr Dre Ft Knoc-Turnal
360,Am To Pm,Christina Milian
361,More Than A Woman,Aaliyah
362,My Sweet Lord (2001 Digital Remaster),George Harrison
363,Caught In The Middle,A1
364,Overprotected,Britney Spears
365,Addicted To Bass,Puretone
366,Movies,Alien Ant Farm
367,Hey Baby,No Doubt
368,Get The Party Started,Pink
369,You,S Club 7
370,Point Of View,Db Boulevard
371,B With Me,Mis-Teeq
372,In Your Eyes,Kylie Minogue
373,World Of Our Own,Westlife
374,The Worlds Greatest,R Kelly
375,Something,Lasgo
376,Aint It Funny,Jennifer Lopez
377,Tainted Love,Marilyn Manson
378,4 My People,Missy Elliott
379,Anything Is Possible/Evergreen,Will Young
380,Me Julie,Ali G And Shaggy
381,Im Not A Girl Not Yet A Woman,Britney Spears
382,Whenever Wherever,Shakira
383,Unchained Melody,Gareth Gates
384,There Goes The Fear,Doves
385,Lazy,X-Press 2 Ft David Byrne
386,The Hindu Times,Oasis
387,How You Remind Me,Nickelback
388,Oops (Oh My),Tweet
389,Freak Like Me,Sugababes
390,Dj,H & Claire
391,One Step Closer,S Club Juniors
392,Follow Da Leader,Nigel & Marvin
393,Whats Luv,Fat Joe Ft Ashanti
394,Kiss Kiss,Holly Valance
395,Its Ok,Atomic Kitten
396,Escape,Enrique Iglesias
397,Were On The Ball,Ant And Dec
398,If Tomorrow Never Comes,Ronan Keating
399,Light My Fire,Will Young
400,Just A Little,Liberty X
401,Get Over You/Move This Mountain,Sophie Ellis Bextor
402,Love At First Sight,Kylie Minogue
403,Without Me,Eminem
404,When You Look At Me,Christina Milian
405,Stop Crying Your Heart Out,Oasis
406,Hot In Herre,Nelly
407,Im Gonna Be Alright,Jennifer Lopez
408,Babys Got A Temper,Prodigy
409,By The Way,Red Hot Chili Peppers
410,Here I Am,Bryan Adams
411,Shooting Star,Flip & Fill
412,Foolish,Ashanti
413,Livin It Up,Ja Rule Ft Case
414,Underneath Your Clothes,Shakira
415,The Logical Song,Scooter
416,I Need A Girl (Part One),P. Diddy Ft Usher & Loon
417,Automatic High,S Club Juniors
418,In My Place,Coldplay
419,Anyone Of Us (Stupid Mistake),Gareth Gates
420,Black Suits Comin (Nod Ya Head),Will Smith Ft Tra-Knox
421,James Dean (I Wanna Know),Daniel Bedingfield
422,Colourblind,Darius
423,Romeo Dunn,Romeo
424,Like A Prayer,Madhouse
425,What You Got,Abs
426,Dy-Na-Mi-Tee,Ms Dynamite
427,Addictive,Truth Hurts Ft Rakim
428,Fantasy,Appleton
429,Crossroads,Blazin Squad
430,Round Round,Sugababes
431,Papa Dont Preach,Kelly Osbourne
432,Got To Have Your Love,Liberty X
433,I Love It When We Do,Ronan Keating
434,Nessaja,Scooter
435,Cleanin Out My Closet,Eminem
436,Everyday,Bon Jovi
437,What I Go To School For,Busted
438,Little By Little/She Is Love,Oasis
439,The Tide Is High (Get The Feeling),Atomic Kitten
440,Down 4 U,Irv Gotti Pts
441,Just Like A Pill,Pink
442,Down Boy,Holly Valance
443,The Long And Winding Road/Suspicious,Will Young & Gareth Gates
444,New Direction,S Club Juniors
445,Im Right Here,Samantha Mumba
446,Nu Flow,Big Brovaz
447,Complicated,Avril Lavigne
448,Electrical Storm,U2
449,One Love,Blue
450,Die Another Day,Madonna
451,Like I Love You,Justin Timberlake
452,Im Gonna Getcha Good,Shania Twain
453,The Ketchup Song (Asereje),Las Ketchup
454,Unbreakable,Westlife
455,Jenny From The Block,Jennifer Lopez
456,Alive,S Club
457,Dilemma,Nelly Ft Kelly Rowland
458,Dont Let Me Down/You And I,Will Young
459,Rushes,Darius
460,Weve Got Tonight,Ronan Keating Ft Lulu
461,Dirrty,Christina Aguilera Ft Redman
462,Last Goodbye/Be With You,Atomic Kitten
463,Feel,Robbie Williams
464,Holding On For You,Liberty X
465,What My Heart Wants To Say,Gareth Gates
466,Sorry Seems To Be The Hardest Word,Blue Ft Elton John
467,Sacred Trust/After Youre Gone,One True Voice
468,Cheeky Song (Touch My Bum),Cheeky Girls
469,Danger High Voltage,Electric Six
470,The Way (Put Your Hand In My Hand),Divine Inspiration
471,If Youre Not The One,Daniel Bedingfield
472,Lose Yourself,Eminem
473,Mundian To Bach Ke,Panjabi Mc
474,True,Jaimeson Ft Angel Blu
475,Sound Of The Underground,Girls Aloud
476,Year 3000,Busted
477,Stop Living The Lie,David Sneddon
478,03 Bonnie & Clyde,Jay-Z Ft Beyonce Knowles
479,Gimme The Light,Sean Paul
480,Songbird,Oasis
481,Dont Worry,Appleton
482,I Cant Break Down,Sinead Quinn
483,Pain Killer,Turin Brakes
484,Stole,Kelly Rowland
485,Cry Me A River,Justin Timberlake
486,Keep Me A Secret,Ainslie Henderson
487,I Begin To Wonder,Dannii Minogue
488,All The Things She Said,Tatu
489,The Boys Of Summer,Dj Sammy
490,Born To Try,Delta Goodrem
491,All I Have,Jennifer Lopez Ft Ll Cool J
492,Beautiful,Christina Aguilera
493,Being Nobody,Richard X Vs Liberty X
494,U Make Me Wanna,Blue
495,Tonight/Miss You Nights,Westlife
496,Scandalous,Mis-Teeq
497,Love Doesnt Have To Hurt,Atomic Kitten
498,Cry,Kym Marsh
499,Spirit In The Sky,Gareth Gates Ft The Kumars
500,Move Your Feet,Junior Senior
501,Out Of Time,Blur
502,Come Undone,Robbie Williams
503,American Life,Madonna
504,Make Luv,Room 5 Ft Oliver Cheatham
505,All Over,Lisa Maffia
506,In Da Club,50 Cent
507,Dont Let Go,David Sneddon
508,Cant Nobody,Kelly Rowland
509,You Said No,Busted
510,The Long Goodbye,Ronan Keating
511,Take Your Shoes Off,Cheeky Girls
512,Rise & Fall,Craig David Ft Sting
513,Get Busy,Sean Paul
514,Loneliness,Tomcraft
515,Favourite Things,Big Brovaz
516,Rock Your Body,Justin Timberlake
517,No Good Advice,Girls Aloud
518,Madame Helga,Stereophonics
519,Free Me,Emma Bunton
520,There There,Radiohead
521,Say Goodbye/Love Aint Gonna Wait For,S Club
522,Gay Bar,Electric Six
523,I Know What You Want,Busta Rhymes And Mariah Carey
524,Dont Wanna Lose This Feeling,Dannii Minogue
525,Fighter,Christina Aguilera
526,Lost Without You,Delta Goodrem
527,Ignition Remix,R Kelly
528,We Just Be Dreamin,Blazin Squad
529,Fool No More,S Club 8
530,Fast Food Song,Fast Food Rockers
531,Hollywood,Madonna
532,Feel Good Time,Pink Ft William Orbit
533,Real Things,Javine
534,No Letting Go,Wayne Wonder
535,Pass It On,Coral
536,Maybe Tomorrow,Stereophonics
537,Satisfaction,Benny Benassi Pts The Biz
538,Bring Me To Life,Evanescence
539,Crazy In Love,Beyonce
540,Never Gonna Leave Your Side,Daniel Bedingfield
541,Something Beautiful,Robbie Williams
542,Hooray Hooray (Its A Cheeky Holiday),Cheeky Girls
543,Four Minute Warning,Mark Owen
544,Complete,Jaimeson
545,Sleeping With The Light On,Busted
546,Dance (With U),Lemar
547,Life Got Cold,Girls Aloud
548,Never Leave You (Uh Oooh Uh Oooh),Lumidee
549,Pretty Green Eyes,Ultrabeat
550,Miss Perfect,Abs Ft Nodesha
551,Like Glue,Sean Paul
552,Are You Ready For Love,Elton John
553,Pandoras Kiss,Louise
554,Hey Whatever,Westlife
555,Rubberneckin,Elvis Presley
556,Sundown,S Club 8
557,White Flag,Dido
558,Sweet Dreams My La Ex,Rachel Stevens
559,Baby Boy,Beyonce Ft Sean Paul
560,I Believe In A Thing Called Love,Darkness
561,P.I.M.P.,50 Cent
562,Hole In The Head,Sugababes
563,If You Come To Me,Atomic Kitten
564,Guilty,Blue
565,Where Is The Love,Black Eyed Peas
566,Flip Reverse,Blazin Squad
567,Be Faithful,Fatman Scoop/Crooklyn Clan
568,Me Against The Music,Britney Spears Ft Madonna
569,Turn Me On,Kevin Lyttle
570,Slow,Kylie Minogue
571,Maybe Thats What It Takes,Alex Parks
572,Crashed The Wedding,Busted
573,50:50/Lullaby,Lemar
574,Jump,Girls Aloud
575,One More Chance,Michael Jackson
576,Say It Isnt So,Gareth Gates
577,Mandy,Westlife
578,Im Your Man,Shane Richie
579,Santas List,Cliff Richard
580,Happy Xmas (War Is Over),Idols
581,Christmas Time (Dont Let The Bells End),Darkness
582,Leave Right Now,Will Young
583,Proper Crimbo,Bo Selecta
584,This Groove/Let Your Head Go,Victoria Beckham
585,Shut Up,Black Eyed Peas
586,Bring It On/My Lovers Prayer,Alistair Griffin
587,Changes,Ozzy & Kelly Osbourne
588,Take Me Out,Franz Ferdinand
589,Mad World,Michael Andrews Ft Gary Jules
590,All This Time,Michelle
591,Hey Ya,Outkast
592,Somebody To Love,Boogie Pimps
593,She Believes (In Me),Ronan Keating
594,Moviestar,Stereophonics
595,With A Little Help From My Friends,Sam & Mark
596,Milkshake,Kelis
597,Obvious,Westlife
598,Whos David,Busted
599,Take Me To The Clouds Above,Lmc Vs U2
600,Thank You,Jamelia
601,Red Blooded Woman,Kylie Minogue
602,Baby I Love U,Jennifer Lopez
603,Mysterious Girl,Peter Andre
604,Not In Love,Enrique Ft Kelis
605,She Wants To Move,Nerd
606,Toxic,Britney Spears
607,Your Game,Will Young
608,Breathe Easy,Blue
609,Love Is Only A Feeling,Darkness
610,Cha Cha Slide,Dj Casper
611,5 Colours In Her Hair,Mcfly
612,Slow Jamz,Twista
613,Yeah,Usher Ft Lil Jon & Ludacris
614,In The Shadows,Rasmus
615,This Love,Maroon 5
616,My Band,D12
617,Left Outside Alone,Anastacia
618,Air Hostess,Busted
619,Fit But You Know It,Streets
620,Single,Natasha Bedingfield
621,Everybodys Changing,Keane
622,Irish Blood English Heart,Morrissey
623,Dont Tell Me,Avril Lavigne
624,Dip It Low,Christina Milian
625,Hotel,Cassidy Ft R Kelly
626,On My Knees,411 Ft Ghostface Killah
627,F**K It (I Dont Want You Back),Eamon
628,Insania,Peter Andre
629,F.U.R.B. (F U Right Back),Frankee
630,All Together Now 2004,Farm Ft S.F.X Boys Choir
631,Trick Me,Kelis
632,Roses,Outkast
633,Obviously,Mcfly
634,I Dont Wanna Know,Mario Winans Ft Enya & P.Diddy
635,The Show,Girls Aloud
636,Fridays Child,Will Young
637,Thats All Right,Elvis Presley
638,Everytime,Britney Spears
639,See It In A Boys Eyes,Jamelia
640,Tipsy,J-Kwon
641,How Come,D12
642,Some Girls,Rachel Stevens
643,My Happy Ending,Avril Lavigne
644,Sick And Tired,Anastacia
645,Lolas Theme,Shapeshifters
646,Cant Stand Me Now,Libertines
647,Hip To Hip/Can You Feel It,V
648,Thunderbirds/3Am,Busted
649,Dry Your Eyes,Streets
650,She Will Be Loved,Maroon 5
651,Guns Dont Kill People Rappers Do,Goldie Lookin Chain
652,Dumb,411
653,Sunshine,Twista
654,These Words,Natasha Bedingfield
655,Baby Cakes,3 Of A Kind
656,That Girl,Mcfly
657,Real To Me,Brian Mcfadden
658,American Idiot,Green Day
659,Leave (Get Out),Jojo
660,My Place/Flap Your Wings,Nelly
661,Love Machine,Girls Aloud
662,I Hope You Dance,Ronan Keating
663,Pieces Of Me,Ashlee Simpson
664,Flashdance,Deep Dish
665,Leaving New York,Rem
666,(Reach Up For The) Sunrise,Duran Duran
667,Radio,Robbie Williams
668,More More More,Rachel Stevens
669,Millionaire,Kelis Ft Andre 3000
670,The Love Of Richard Nixon,Manic Street Preachers
671,I Believe My Heart,Duncan James & Keedie
672,My Neck My Back (Lick It),Khia
673,Stolen,Jay Sean
674,Wonderful,Ja Rule Ft R Kelly & Ashanti
675,Nothing Hurts Like Love,Daniel Bedingfield
676,Call On Me,Eric Prydz
677,Car Wash,Christina Aguilera Ft Missy
678,My Prerogative,Britney Spears
679,Just Lose It,Eminem
680,Curtain Falls,Blue
681,Vertigo,U2
682,Confessions Part Ii/My Boo,Usher
683,Room On The 3Rd Floor,Mcfly
684,What You Waiting For,Gwen Stefani
685,Tilt Ya Head Back,Nelly & Christina Aguilera
686,Ride It,Geri
687,Boulevard Of Broken Dreams,Green Day
688,Ill Stand By You,Girls Aloud
689,Lose My Breath,Destinys Child
690,If Theres Any Justice,Lemar
691,You Can Do It,Ice Cube Ft Mack 10 & Ms Toi
692,Father And Son,Ronan Keating Ft Yusuf
693,Do They Know Its Christmas,Band Aid 20
694,I Believe In You,Kylie Minogue
695,Breathe,Erasure
696,Jailhouse Rock,Elvis Presley
697,The Number Of The Beast,Iron Maiden
698,Filthy/Gorgeous,Scissor Sisters
699,Empty Souls,Manic Street Preachers
700,Against All Odds,Steve Brookstein
701,Somebody Told Me,Killers
702,Staring At The Sun,Rooster
703,One Night/I Got Stung,Elvis Presley
704,Wires,Athlete
705,Tumble And Fall,Feeder
706,A Fool Such As I,Elvis Presley
707,Goodies,Ciara Ft Petey Pablo
708,Grief Never Grows Old,One World Project
709,Galvanize,Chemical Brothers
710,Its Now Or Never,Elvis Presley
711,Are You Lonesome Tonight,Elvis Presley
712,Only U,Ashanti
713,So Here We Are/Positive Tension,Bloc Party
714,Almost Here,Brian Mcfadden & Delta Goodrem
715,Sometimes You Cant Make It On Your Own,U2
716,Soldier,Destinys Child/Ti/Lil Wayne
717,Wooden Heart,Elvis Presley
718,Hush,Ll Cool J Ft 7 Aurelius
719,Like Toy Soldiers,Eminem
720,How We Do,Game Ft 50 Cent
721,Surrender,Elvis Presley
722,Locked Up,Akon
723,(Maries The Name) His Latest Flame,Elvis Presley
724,Star To Fall,Cabin Crew
725,Get Right,Jennifer Lopez
726,Rock-A-Hula Baby,Elvis Presley
727,Over And Over,Nelly Ft Tim Mcgraw
728,Good Luck Charm,Elvis Presley
729,Dakota,Stereophonics
730,Rich Girl,Gwen Stefani Ft Eve
731,Falling Stars,Sunset Strippers
732,Shes Not You,Elvis Presley
733,Return To Sender,Elvis Presley
734,All About You,Mcfly
735,Its Like That,Mariah Carey
736,(Youre The) Devil In Disguise,Elvis Presley
737,Candy Shop,50 Cent
738,Let Me Love You,Mario
739,1 2 Step,Ciara Ft Missy Elliot
740,The Wonder Of You,Elvis Presley
741,Somewhere Else,Razorlight
742,Way Down,Elvis Presley
743,A Little Less Conversation,Elvis Vs Jxl
744,Switch,Will Smith
745,I Like The Way,Bodyrockers
746,Mockingbird,Eminem
747,Signs,Snoop Dogg/Wilson/Timberlake
748,Hate It Or Love It,Game Ft 50 Cent
749,Dont Phunk With My Heart,Black Eyed Peas
750,Lyla,Oasis
751,Speed Of Sound,Coldplay
752,Best Of You,Foo Fighters
753,City Of Blinding Lights,U2
754,1 Thing,Amerie
755,Lonely,Akon
756,Feel Good Inc,Gorillaz
757,Roc Ya Body (Mic Check 1 2),Mvp
758,Slow Down,Bobby Valentino
759,Axel F,Crazy Frog
760,Shot You Down,Audio Bullys Ft Nancy Sinatra
761,Electricity,Elton John
762,Crazy Chick,Charlotte Church
763,Army Of Lovers,Lee Ryan
764,Gasolina,Daddy Yankee
765,We Belong Together,Mariah Carey
766,Ass Like That,Eminem
767,Ghetto Gospel,2Pac Ft Elton John
768,Oh,Ciara Ft Ludacris
769,Since U Been Gone,Kelly Clarkson
770,Belly Dancer (Bananza),Akon
771,All The Way,Craig David
772,Ooh La La,Goldfrapp
773,The Trooper,Iron Maiden
774,Ill Be Ok,Mcfly
775,Fuck Forever,Babyshambles
776,Youre Beautiful,James Blunt
777,Lay Your Hands,Simon Webbe
778,These Boots Are Made For Walkin,Jessica Simpson
779,The Importance Of Being Idle,Oasis
780,Pon De Replay,Rihanna
781,Fix You,Coldplay
782,Bad Day,Daniel Powter
783,Doctor Pressure,Mylo Vs Miami Sound Machine
784,Dare,Gorillaz
785,Do You Want To,Franz Ferdinand
786,Nine Million Bicycles,Katie Melua
787,Gold Digger,Kanye West Ft Jamie Foxx
788,Song 4 Lovers,Liberty X
789,Precious,Depeche Mode
790,We Be Burnin,Sean Paul
791,All Because Of You,U2
792,Baby Goodbye,Friday Hill
793,Dont Cha,Pussycat Dolls Ft Busta Rhymes
794,I Wanna Hold You,Mcfly
795,Tripping,Robbie Williams
796,King Of The Mountain,Kate Bush
797,Dont Love You No More,Craig David
798,Push The Button,Sugababes
799,Can I Have It Like That,Pharrell Ft Gwen Stefani
800,Ticket Outta Loserville,Son Of Dork
801,I Bet You Look Good On The Dancefloor,Arctic Monkeys
802,Biology,Girls Aloud
803,No Worries,Simon Webbe
804,My Humps,Black Eyed Peas
805,Let There Be Love,Oasis
806,Juicebox,Strokes
807,Ugly,Sugababes
808,You Raise Me Up,Westlife
809,Jingle Bells/U Cant Touch This,Crazy Frog
810,Stickwitu,Pussycat Dolls
811,When You Tell Me That You Love Me,Westlife Ft Diana Ross
812,Hung Up,Madonna
813,When Im Gone,Eminem
814,Break The Night With Colour,Richard Ashcroft
815,Ill Be Ready,Sunblock
816,Jcb Song,Nizlopi
817,Thats My Goal,Shayne Ward
818,When The Sun Goes Down,Arctic Monkeys
819,All Time Love,Will Young
820,Say Say Say (Waiting 4 U),Hi-Tack
821,Check On It,Beyonce Ft Slim Thug
822,You Spin Me Round,Dead Or Alive
823,Run It,Chris Brown Ft Juelz Santana
824,Nasty Girl,Notorious Big/Diddy/Nelly
825,Boys Will Be Boys,Ordinary Boys
826,Amazing,Westlife
827,Thunder In My Heart Again,Meck Ft Leo Sayer
828,Sorry,Madonna
829,Red Dress,Sugababes
830,Pump It,Black Eyed Peas
831,Its Chico Time,Chico
832,Beep,Pussycat Dolls Ft Will I Am
833,Stupid Girls,Pink
834,Put Your Records On,Corinne Bailey Rae
835,You Have Killed Me,Morrissey
836,Natures Law,Embrace
837,Naive,Kooks
838,So Sick,Ne-Yo
839,No Tomorrow,Orson
840,No Promises,Shayne Ward
841,One,Mary J Blige & U2
842,Steady As She Goes,Raconteurs
843,Bang Bang Youre Dead,Dirty Pretty Things
844,Dani California,Red Hot Chili Peppers
845,Sos,Rihanna
846,Somebodys Watching Me,Beatfreakz
847,Say I,Christian Milian/Young Jeezy
848,Control Myself,Ll Cool J Ft Jennifer Lopez
849,Country Girl,Primal Scream
850,Is It Any Wonder,Keane
851,Who Knew,Pink
852,From Paris To Berlin,Infernal
853,World At Your Feet,Embrace
854,Crazy,Gnarls Barkley
855,Who Says You Cant Go Home,Bon Jovi
856,Monster,Automatic
857,Supermassive Black Hole,Muse
858,Buttons,Pussycat Dolls Ft Snoop Dogg
859,Sexy Love,Ne-Yo
860,Last Request,Paolo Nutini
861,In The Morning,Razorlight
862,Voodoo Child,Rogue Traders
863,I Wish I Was A Punk Rocker,Sandi Thom
864,Maneater,Nelly Furtado
865,Dont Stop Me Now/Please Please,Mcfly
866,Smile,Lily Allen
867,Stars Are Blind,Paris Hilton
868,Unfaithful,Rihanna
869,Aint No Other Man,Christina Aguilera
870,You Give Me Something,James Morrison
871,Leave Before The Lights Come On,Arctic Monkeys
872,Love Dont Let Me Go (Walking Away),David Guetta Vs The Egg
873,Everytime We Touch,Cascada
874,Ridin,Chamillionaire Ft Krayzie Bone
875,Deja Vu,Beyonce Ft Jay-Z
876,Chelsea Dagger,Fratellis
877,Hips Dont Lie,Shakira Ft Wyclef Jean
878,Rudebox,Robbie Williams
879,Promiscuous,Nelly Furtado Ft Timbaland
880,London Bridge,Fergie
881,Sexyback,Justin Timberlake
882,Checkin It Out,Lil Chris
883,Call Me When Youre Sober,Evanescence
884,When You Were Young,Killers
885,Jump In My Car,David Hasselhoff
886,Come To Me,P Diddy Ft Nicole Scherzinger
887,I Dont Feel Like Dancin,Scissor Sisters
888,Rock This Party (Everybody Dance Now),Bob Sinclar & Cutee B
889,America,Razorlight
890,Star Girl,Mcfly
891,Welcome To The Black Parade,My Chemical Romance
892,Yeah Yeah,Bodyrox Ft Luciana
893,Something Kinda Ooooh,Girls Aloud
894,Rock Steady,All Saints
895,The Saints Are Coming,U2 & Green Day
896,Put Your Hands Up For Detroit,Fedde Le Grande
897,Irreplaceable,Beyonce
898,The Rose,Westlife
899,Downtown,Emma Bunton
900,My Love,Justin Timberlake Ft Ti
901,All Good Things (Come To An End),Nelly Furtado
902,Bing Bang (Time To Dance),Lazy Town
903,Wind It Up,Gwen Stefani
904,Boogie 2Nite,Booty Luv
905,21St Century Christmas/Move It,Cliff Richard
906,I Think Were Alone Now,Girls Aloud
907,Sorrys Not Good Enough,Mcfly
908,Truly Madly Deeply,Cascada
909,Different World,Iron Maiden
910,Window In The Skies,U2
911,Smack That,Akon Ft Eminem
912,Patience,Take That
913,A Moment Like This,Leona Lewis
914,Proper Education,Eric Prydz Vs Floyd
915,Same Jeans,View
916,Too Little Too Late,Jojo
917,The Prayer,Bloc Party
918,Exceeder,Mason
919,Starz In Their Eyes,Just Jack
920,This Aint A Scene Its An Arms Race,Fall Out Boy
921,I Wanna Love You,Akon Ft Snoop Doggy Dogg
922,Lil Star,Kelis Ft Cee Lo
923,Grace Kelly,Mika
924,Ruby,Kaiser Chiefs
925,What Goes Around Comes Around,Justin Timberlake
926,Shine,Take That
927,Walk This Way,Sugababes Vs Girls Aloud
928,The Sweet Escape,Gwen Stefani Ft Akon
929,How To Save A Life,Fray
930,Destination Calabria,Alex Gaudino Ft Crystal Waters
931,Brianstorm,Arctic Monkeys
932,Because Of You,Ne-Yo
933,Stop Me,Mark Ronson Ft D Merriweather
934,Your Love Alone Is Not Enough,Manic Street Preachers
935,Girlfriend,Avril Lavigne
936,Give It To Me,Timbaland/Furtado/Timberlake
937,Babys Coming Back/Transylvania,Mcfly
938,Dont Matter,Akon
939,Flying The Flag (For You),Scooch
940,Signal Fire,Snow Patrol
941,Makes Me Wonder,Maroon 5
942,Here (In Your Arms),Hellogoodbye
943,Cupids Chokehold,Gym Class Heroes
944,Beautiful Liar,Beyonce & Shakira
945,Icky Thump,White Stripes
946,Real Girl,Mutya Buena
947,The Girls,Calvin Harris
948,Like This,Kelly Rowland Ft Eve
949,Any Dream Will Do,Lee Mead
950,Had Enough,Enemy
951,Worried About Ray,Hoosiers
952,When Youre Gone,Avril Lavigne
953,Fluorescent Adolescent,Arctic Monkeys
954,Do You Know (The Ping Pong Song),Enrique Iglesias
955,Umbrella,Rihanna Ft Jay-Z
956,Big Girls Dont Cry,Fergie
957,Foundations,Kate Nash
958,The Way I Are,Timbaland Ft Keri Hilson
959,Clothes Off,Gym Class Heroes
960,Shut Up And Drive,Rihanna
961,With Every Heartbeat,Robyn With Kleerup
962,Sexy No No No,Girls Aloud
963,1973,James Blunt
964,Stronger,Kanye West
965,Beautiful Girls,Sean Kingston
966,Hey There Delilah,Plain White Ts
967,Ayo Technology,50 Cent/Timberlake/Timbaland
968,No U Hang Up/If Thats Ok With You,Shayne Ward
969,Goodbye Mr A,Hoosiers
970,Gimme More,Britney Spears
971,Let Me Think About It,Ida Corr Vs Fedde Le Grand
972,About You Now,Sugababes
973,The Heart Never Lies,Mcfly
974,Home,Westlife
975,2 Hearts,Kylie Minogue
976,Valerie,Mark Ronson Ft Amy Winehouse
977,Heartbroken,T2 Ft Jodie Aysha
978,Call The Shots,Girls Aloud
979,All I Want For Christmas Is You,Mariah Carey
980,What A Wonderful World,Eva Cassidy & Katie Melua
981,Fairytale Of New York,Pogues Ft Kirsty Maccoll
982,Bleeding Love,Leona Lewis
983,Rule The World,Take That
984,Apologize,Timbaland Ft One Republic
985,When You Believe,Leon Jackson
986,Crank That (Soulja Boy),Soulja Boy
987,Piece Of Me,Britney Spears
988,Superstar,Lupe Fiasco Ft Matthew Santos
989,Work,Kelly Rowland
990,Dont Stop The Music,Rihanna
991,Sun Goes Down,David Jordan
992,Chasing Pavements,Adele
993,Wow,Kylie Minogue
994,Now Youre Gone,Basshunter Ft Dj Mental Theos
995,Come On Girl,Taio Cruz Ft Luciana
996,Whats It Gonna Be,H Two O Ft Platnum
997,Better In Time,Leona Lewis
998,Stop And Stare,One Republic
999,Mercy,Duffy
1000,Always Where I Need To Be,Kooks
1001,Touch My Body,Mariah Carey
1002,Low,Flo Rida Ft T-Pain
1003,Cry For You,September
1004,American Boy,Estelle Ft Kanye West
1005,Love In This Club,Usher Ft Young Jeezy
1006,Wearing My Rolex,Wiley
1007,Black & Gold,Sam Sparro
1008,Heartbreaker,Will I Am Ft Cheryl Cole
1009,4 Minutes,Madonna Ft Justin Timberlake
1010,Warwick Avenue,Duffy
1011,Thats Not My Name,Ting Tings
1012,Singin In The Rain,Mint Royale
1013,Love Song,Sara Bareilles
1014,Viva La Vida,Coldplay
1015,Take A Bow,Rihanna
1016,Forever,Chris Brown
1017,Stay With Me,Ironik
1018,All I Ever Wanted,Basshunter
1019,No Air,Jordin Sparks Ft Chris Brown
1020,Love Is Noise,Verve
1021,Dance Wiv Me,Dizzee Rascal/Harris/Chrome
1022,Beggin,Madcon
1023,All Summer Long,Kid Rock
1024,Mountains,Biffy Clyro
1025,Pjanoo,Eric Prydz
1026,The Man That Cant Be Moved,Script
1027,Thank You For A Lifetime,Cliff Richard
1028,Lies,Mcfly
1029,In This City,Iglu & Hartly
1030,When I Grow Up,Pussycat Dolls
1031,I Kissed A Girl,Katy Perry
1032,I Love You Anyway,Boyzone
1033,The Shock Of The Lightning,Oasis
1034,Disturbia,Rihanna
1035,Girls,Sugababes
1036,Never Miss A Beat,Kaiser Chiefs
1037,Up,Saturdays
1038,Dont Call This Love,Leon Jackson
1039,The Winners Song,Geraldine
1040,Wire To Wire,Razorlight
1041,Sex On Fire,Kings Of Leon
1042,Infinity 2008,Guru Josh Project
1043,So What,Pink
1044,The Promise,Girls Aloud
1045,Forgive Me,Leona Lewis
1046,The Boy Does Nothing,Alesha Dixon
1047,Hero,X Factor Finalists
1048,Human,Killers
1049,Hot N Cold,Katy Perry
1050,Little Drummer Boy/Peace On Earth,Bandaged
1051,Greatest Day,Take That
1052,Womanizer,Britney Spears
1053,Once Upon A Christmas Song,Geraldine
1054,If I Were A Boy,Beyonce
1055,Run,Leona Lewis
1056,Hallelujah,Alexandra Burke
1057,Let It Rock,Kevin Rudolf Ft Lil Wayne
1058,Issues,Saturdays
1059,Day N Nite,Kid Cudi Vs Crookers
1060,Broken Strings,James Morrison
1061,Take Me Back,Tinchy Stryder Ft Taio Cruz
1062,Crack A Bottle,Eminem Ft Dr Dre & 50 Cent
1063,Breathe Slow,Alesha Dixon
1064,Use Somebody,Kings Of Leon
1065,Omen,Prodigy
1066,Just Dance,Lady Gaga
1067,Dead And Gone,Ti Ft Justin Timberlake
1068,The Fear,Lily Allen
1069,My Life Would Suck Without You,Kelly Clarkson
1070,Love Story,Taylor Swift
1071,Islands In The Stream,Jenkins/West/Jones/Gibb
1072,Halo,Beyonce
1073,Right Round,Flo Rida Ft Kesha
1074,Dont Upset The Rhythm (Go Baby Go),Noisettes
1075,Jai Ho (You Are My Destiny),Ar Rahman Ft Pussycat Dolls
1076,Poker Face,Lady Gaga
1077,Im Not Alone,Calvin Harris
1078,Tiny Dancer (Hold Me Closer),Ironik/Chipmunk/Elton John
1079,In For The Kill,La Roux
1080,Not Fair,Lily Allen
1081,We Made You,Eminem
1082,Number 1,Tinchy Stryder Ft N-Dubz
1083,Fire,Kasabian
1084,Bonkers,Dizzee Rascal/Van Helden
1085,Red,Daniel Merriweather
1086,Mama Do,Pixie Lott
1087,Release Me,Agnes
1088,Boom Boom Pow,Black Eyed Peas
1089,Knock You Down,Keri Hilson/Kanye West/Ne-Yo
1090,When Love Takes Over,David Guetta Ft Kelly Rowland
1091,Man In The Mirror,Michael Jackson
1092,Paparazzi,Lady Gaga
1093,Bulletproof,La Roux
1094,Evacuate The Dancefloor,Cascada
1095,I Know You Want Me (Calle Ocho),Pitbull
1096,Beat Again,Jls
1097,Supernova,Mr Hudson Ft Kanye West
1098,Behind Closed Doors,Peter Andre
1099,Sweet Dreams,Beyonce
1100,Ready For The Weekend,Calvin Harris
1101,Never Leave You,Tinchy Stryder Ft Amelle
1102,Get Sexy,Sugababes
1103,Holiday,Dizzee Rascal
1104,We Are Golden,Mika
1105,Boys & Girls,Pixie Lott
1106,Celebration,Madonna
1107,Run This Town,Jay-Z Ft Rihanna & Kanye West
1108,She Wolf,Shakira
1109,I Gotta Feeling,Black Eyed Peas
1110,Sexy Chick,David Guetta Ft Akon
1111,Forever Is Over,Saturdays
1112,Break Your Heart,Taio Cruz
1113,Empire State Of Mind,Jay-Z Ft Alicia Keys
1114,Bodies,Robbie Williams
1115,Oopsy Daisy,Chipmunk
1116,Million Dollar Bill,Whitney Houston
1117,What About Now,Westlife
1118,Havent Met You Yet,Michael Buble
1119,Bad Boys,Alexandra Burke Ft Flo Rida
1120,Down,Jay Sean Ft Lil Wayne
1121,Everybody In Love,Jls
1122,I Need You,N-Dubz
1123,Fight For This Love,Cheryl Cole
1124,Whatcha Say,Jason Derulo
1125,You Are Not Alone,X Factor Finalists 2009
1126,Russian Roulette,Rihanna
1127,The Official Bbc Children In Need Medley,Peter Kays Animated All Star
1128,Killing In The Name,Rage Against The Machine
1129,Meet Me Halfway,Black Eyed Peas
1130,Tik Tok,Kesha
1131,3 Words,Cheryl Cole Ft Will I Am
1132,The Climb,Joe Mcelderry
1133,Bad Romance,Lady Gaga
1134,You Got The Love,Florence & The Machine
1135,Replay,Iyaz
1136,Riverside (Lets Go),Sidney Samson Ft Wizard Sleeve
1137,Starstrukk,3Oh3 Ft Katy Perry
1138,Under Pressure (Ice Ice Baby),Jedward Ft Vanilla Ice
1139,Dont Stop Believin,Glee Cast
1140,Fireflies,Owl City
1141,Everybody Hurts,Helping Haiti
1142,If We Ever Meet Again,Timbaland Ft Katy Perry
1143,Empire State Of Mind (Part Ii),Alicia Keys
1144,You Got The Dirtee Love,Florence/Dizzee Rascal
1145,In My Head,Jason Derulo
1146,Starry Eyed,Ellie Goulding
1147,Baby,Justin Bieber Ft Ludacris
1148,Rude Boy,Rihanna
1149,Parachute,Cheryl Cole
1150,History Makers,Delirious?
1151,Telephone,Lady Gaga Ft Beyonce
1152,Pass Out,Tinie Tempah
1153,I Need You Tonight,Professor Green Ft Ed Drewett
1154,Acapella,Kelis
1155,This Aint A Love Song,Scouting For Girls
1156,Until You Were Gone,Chipmunk Ft Esmee Denters
1157,Once,Diana Vickers
1158,Watercolour,Pendulum
1159,She Said,Plan B
1160,Omg,Usher Ft Will I Am
1161,Good Times,Roll Deep
1162,All Night Long,Alexandra Burke Ft Pitbull
1163,Stereo Love,Edward Maya Ft Vika Jigulina
1164,Solo,Iyaz
1165,Nothin On You,Bob Ft Bruno Mars
1166,Ridin Solo,Jason Derulo
1167,Dirtee Disco,Dizzee Rascal
1168,Gettin Over,David Guetta Ft Chris Willis
1169,Frisky,Tinie Tempah Ft Labrinth
1170,Kickstarts,Example
1171,Not Afraid,Eminem
1172,Shout,Shout Ft Dizzee & James Corden
1173,Wavin Flag,Knaan
1174,All The Lovers,Kylie Minogue
1175,I Like It,Enrique Iglesias Ft Pitbull
1176,The Club Is Alive,Jls
1177,Just Be Good To Green,Professor Green Ft Lily Allen
1178,California Gurls,Katy Perry Ft Snoop Dogg
1179,Pack Up,Eliza Doolittle
1180,All Time Low,Wanted
1181,Airplanes,Bob Ft Hayley Williams
1182,Missing You,Saturdays
1183,Billionaire,Travie Mccoy Ft Bruno Mars
1184,Beautiful Monster,Ne-Yo
1185,We No Speak Americano,Yolanda Be Cool Vs D Cup
1186,Katy On A Mission,Katy B
1187,Green Light,Roll Deep
1188,Club Cant Handle Me,Flo Rida Ft David Guetta
1189,Love The Way You Lie,Eminem Ft Rihanna
1190,Please Dont Let Me Go,Olly Murs
1191,For The First Time,Script
1192,Start Without You,Alexandra Burke Ft Laza Morgan
1193,Teenage Dream,Katy Perry
1194,Dynamite,Taio Cruz
1195,Make You Feel My Love,Adele
1196,Let The Sunshine,Labrinth
1197,Shame,Robbie Williams & Gary Barlow
1198,Written In The Stars,Tinie Tempah Ft Eric Turner
1199,Miami 2 Ibiza,Swedish House Mafia Vs Tinie
1200,Heart Vacancy,Wanted
1201,Barbra Streisand,Duck Sauce
1202,Just The Way You Are (Amazing),Bruno Mars
1203,Cooler Than Me,Mike Posner
1204,Promise This,Cheryl Cole
1205,Forget You,Cee-Lo
1206,Shine A Light,Mcfly Ft Taio Cruz
1207,Happiness,Alexis Jordan
1208,The Flood,Take That
1209,Love You More,Jls
1210,Heroes,X Factor Finalists 2010
1211,Like A G6,Far East Movement/Cataracs/Dev
1212,Poison,Nicole Scherzinger
1213,Thinking Of Me,Olly Murs
1214,Only Girl (In The World),Rihanna
1215,Whip My Hair,Willow
1216,Surfin Bird,Trashmen
1217,Your Song,Ellie Goulding
1218,Firework,Katy Perry
1219,The Time (Dirty Bit),Black Eyed Peas
1220,Lights On,Katy B Ft Ms Dynamite
1221,Whats My Name,Rihanna Ft Drake
1222,When We Collide,Matt Cardle
1223,Traktor,Wretch 32 Ft L
1224,Do It Like A Dude,Jessie J
1225,Blind Faith,Chase & Status Ft Liam Bailey
1226,Coming Home,Diddy - Dirty Money Ft Skylar
1227,Tonight (Im F**Kin You),Enrique Iglesias Ft Ludacris
1228,We R Who We R,Kesha
1229,Grenade,Bruno Mars
1230,Champion,Chipmunk Ft Chris Brown
1231,Rolling In The Deep,Adele
1232,Born This Way,Lady Gaga
1233,Black And Yellow,Wiz Khalifa
1234,S&M,Rihanna
1235,Gold Forever,Wanted
1236,Price Tag,Jessie J Ft Bob
1237,Dont Hold Your Breath,Nicole Scherzinger
1238,Someone Like You,Adele
1239,Just Cant Get Enough,Black Eyed Peas
1240,Et,Katy Perry Ft Kanye West
1241,Fast Car,Tracy Chapman
1242,Unorthodox,Wretch 32 Ft Example
1243,Sweat,Snoop Dogg
1244,On The Floor,Jennifer Lopez Ft Pitbull
1245,Where Them Girls At,David Guetta/Flo Rida/Minaj
1246,Beautiful People,Chris Brown Ft Benny Benassi
1247,The Lazy Song,Bruno Mars
1248,Party Rock Anthem,Lmfao/Lauren Bennett/Goonrock
1249,Mr Saxobeat,Alexandra Stan
1250,Right There,Nicole Scherzinger
1251,I Need A Dollar,Aloe Blacc
1252,Spaceship,Tinchy Stryder & Dappy
1253,Give Me Everything,Pitbull/Ne-Yo/Afrojack/Nayer
1254,Bounce,Calvin Harris Ft Kelis
1255,Dont Wanna Go Home,Jason Derulo
1256,Changed The Way You Kiss Me,Example
1257,Best Thing I Never Had,Beyonce
1258,Louder,Dj Fresh Ft Sian Evans
1259,The A Team,Ed Sheeran
1260,Glad You Came,Wanted
1261,Swagger Jagger,Cher Lloyd
1262,She Makes Me Wanna,Jls Ft Dev
1263,Little Bad Girl,David Guetta/Cruz/Ludacris
1264,Heaven,Emeli Sande
1265,Promises,Nero
1266,Dont Go,Wretch 32 Ft Josh Kumra
1267,Jealousy,Will Young
1268,Feel So Close,Calvin Harris
1269,You Need Me I Dont Need You,Ed Sheeran
1270,Collide,Leona Lewis & Avicii
1271,Stay Awake,Example
1272,Heart Skips A Beat,Olly Murs Ft Rizzle Kicks
1273,All Fired Up,Saturdays
1274,All About Tonight,Pixie Lott
1275,It Girl,Jason Derulo
1276,I Wont Let You Go,James Morrison
1277,No Regrets,Dappy
1278,What Makes You Beautiful,One Direction
1279,Iris,Goo Goo Dolls
1280,Loca People,Sak Noel
1281,Jar Of Hearts,Christina Perri
1282,Sexy And I Know It,Lmfao
1283,Stereo Hearts,Gym Class Heroes/Adam Levine
1284,Lightning,Wanted
1285,Wherever You Will Go,Charlene Soraia
1286,Mr Know It All,Kelly Clarkson
1287,Moves Like Jagger,Maroon 5 Ft Christina Aguilera
1288,With Ur Love,Cher Lloyd Ft Mike Posner
1289,Take A Chance On Me,Jls
1290,Read All About It,Professor Green Ft Emeli Sande
1291,Gotta Be You,One Direction
1292,Lego House,Ed Sheeran
1293,Cannonball,Little Mix
1294,Dominick The Donkey,Lou Monte
1295,Forever Yours,Alex Day
1296,Wherever You Are,Military Wives/Gareth Malone
1297,Dance With Me Tonight,Olly Murs
1298,We Found Love,Rihanna Ft Calvin Harris
1299,Paradise,Coldplay
1300,Levels,Avicii
1301,Dedication To My Ex (Miss That),Lloyd Ft Andre 3000/Lil Wayne
1302,Antidote,Swedish House Mafia/Knifeparty
1303,Good Feeling,Flo Rida
1304,Twilight,Cover Drive
1305,Mama Do The Hump,Rizzle Kicks
1306,Domino,Jessie J
1307,Alone Again,Alyssa Reid Ft Jump Smokers
1308,T.H.E (The Hardest Ever),Will I Am/Jagger/Lopez
1309,Titanium,David Guetta Ft Sia
1310,Hot Right Now,Dj Fresh Ft Rita Ora
1311,Rockstar,Dappy Ft Brian May
1312,Love Me,Stooshe Ft Travie Mccoy
1313,Elephant,Alexandra Burke/Erick Morillo
1314,Wild Ones,Flo Rida Ft Sia
1315,Next To Me,Emeli Sande
1316,Last Time,Labrinth
1317,Part Of Me,Katy Perry
1318,She Doesnt Mind,Sean Paul
1319,Turn Up The Music,Chris Brown
1320,Boyfriend,Justin Bieber
1321,Somebody That I Used To Know,Gotye Ft Kimbra
1322,Starships,Nicki Minaj
1323,Climax,Usher
1324,Ordinary People,John Legend
1325,Laserlight,Jessie J Ft David Guetta
1326,Cant Say No,Conor Maynard
1327,Lets Go,Calvin Harris Ft Ne-Yo
1328,Sparks,Cover Drive
1329,Young,Tulisa
1330,Chasing The Sun,Wanted
1331,Too Close,Alex Clare
1332,R.I.P.,Rita Ora Ft Tinie Tempah
1333,Call Me Maybe,Carly Rae Jepsen
1334,Euphoria,Loreen
1335,When She Was Mine,Lawson
1336,Scream,Usher
1337,We Are Young,Fun Ft Janelle Monae
1338,Feel The Love,Rudimental Ft John Newman
1339,Call My Name,Cheryl
1340,Sing,Gary Barlow/Commonwealth Band
1341,Princess Of China,Coldplay & Rihanna
1342,This Is Love,Will I Am Ft Eva Simons
1343,Dont Wake Me Up,Chris Brown
1344,Vegas Girl,Conor Maynard
1345,Whistle,Flo Rida
1346,Payphone,Maroon 5 Ft Wiz Khalifa
1347,Black Heart,Stooshe
1348,Spectrum,Florence & The Machine
1349,Lost In Your Love,Redlight
1350,Taking Over Me,Lawson
1351,One Day Like This,Elbow
1352,Well Be Coming Back,Calvin Harris Ft Example
1353,Heatwave,Wiley Ft Ms D
1354,Read All About It Pt 3,Emeli Sande
1355,How We Do (Party),Rita Ora
1356,Harder Than You Think,Public Enemy
1357,Good Time,Owl City/Carly Rae Jepsen
1358,Bom Bom,Sam & The Womp
1359,You Bring Me Joy,Amelia Lily
1360,Wings,Little Mix
1361,Say Nothing,Example
1362,Blow Me (One Last Kiss),Pink
1363,Hall Of Fame,Script Ft Will I Am
1364,Let Me Love You (Until You Learn To Love,Ne-Yo
1365,I Cry,Flo Rida
1366,We Are Never Ever Getting Back Together,Taylor Swift
1367,Live While Were Young,One Direction
1368,Anything Could Happen,Ellie Goulding
1369,Sweet Nothing,Calvin Harris/Florence Welch
1370,Can You Hear Me (Ayayaya),Wiley/Skepta/Jme/Ms D
1371,Candy,Robbie Williams
1372,I Found You,Wanted
1373,Skyfall,Adele
1374,Dont You Worry Child,Swedish House Mafia/Martin
1375,Dna,Little Mix
1376,Something New,Girls Aloud
1377,Little Things,One Direction
1378,Girl On Fire,Alicia Keys
1379,Diamonds,Rihanna
1380,Beneath Your Beautiful,Labrinth Ft Emeli Sande
1381,The Power Of Love,Gabrielle Aplin
1382,Troublemaker,Olly Murs Ft Flo Rida
1383,He Aint Heavy Hes My Brother,Justice Collective
1384,Locked Out Of Heaven,Bruno Mars
1385,Impossible,James Arthur
1386,My Life,50 Cent/Eminem/Adam Levine
1387,Suit & Tie,Justin Timberlake Ft Jay Z
1388,Drinking From The Bottle,Calvin Harris Ft Tinie Tempah
1389,Scream & Shout,Will I Am Ft Britney Spears
1390,I Knew You Were Trouble,Taylor Swift
1391,My Songs Know What You Did In The Dark,Fall Out Boy
1392,Clown,Emeli Sande
1393,Get Up (Rattle),Bingo Players Ft Far East
1394,Stay,Rihanna Ft Mikky Ekko
1395,White Noise,Disclosure/Alunageorge
1396,Harlem Shake,Baauer
1397,I Could Be The One,Avicii Vs Nicky Romero
1398,Thrift Shop,Macklemore/Ryan Lewis/Wanz
1399,One Way Or Another (Teenage Kicks),One Direction
1400,When I Was Your Man,Bruno Mars
1401,Lets Get Ready To Rhumble,Pj & Duncan
1402,Mirrors,Justin Timberlake
1403,What About Us,Saturdays Ft Sean Paul
1404,Pompeii,Bastille
1405,Ding-Dong The Witch Is Dead,Wizard Of Oz Film Cast
1406,Feel This Moment,Pitbull Ft Christina Aguilera
1407,Need U (100 Percent),Duke Dumont Ft Ame
1408,Just Give Me A Reason,Pink Ft Nate Reuss
1409,Thatpower,Will I Am Ft Justin Bieber
1410,I Need Your Love,Calvin Harris/Ellie Goulding
1411,So Good To Me,Chris Malinchak
1412,Heart Attack,Demi Lovato
1413,Waiting All Night,Rudimental Ft Ella Eyre
1414,Cant Hold Us,Macklemore/Ryan Lewis/Dalton
1415,Wild,Jessie J/Big Sean/D Rascal
1416,Dear Darlin,Olly Murs
1417,Get Lucky,Daft Punk Ft Pharrell Williams
1418,The Other Side,Jason Derulo
1419,Goin Crazy,Dizzee Rascal/Robbie Williams
1420,Let Her Go,Passenger
1421,Walks Like Rihanna,Wanted
1422,La La La,Naughty Boy Ft Sam Smith
1423,Reload,S Ingrosso/T Trash/J Martin
1424,Bang Bang,Will I Am
1425,I Love It,Icona Pop Ft Charli Xcx
1426,Love Me Again,John Newman
1427,Best Song Ever,One Direction
1428,Blurred Lines,Robin Thicke/Ti/Pharrell
1429,Trampoline,Tinie Tempah Ft 2 Chainz
1430,Applause,Lady Gaga
1431,Earthquake,Dj Fresh/Diplo/Dominique Young
1432,We Cant Stop,Miley Cyrus
1433,Summertime Sadness,Lana Del Rey Vs Cedric Gervais
1434,Burn,Ellie Goulding
1435,Wake Me Up,Avicii
1436,Its My Party,Jessie J
1437,You Make Me,Avicii
1438,Hold On Were Going Home,Drake Ft Majid Jordan
1439,Can We Dance,Vamps
1440,Count On Me,Chase & Status Ft Moko
1441,Talk Dirty,Jason Derulo Ft 2 Chainz
1442,Rap God,Eminem
1443,Juliet,Lawson
1444,Bonfire Heart,James Blunt
1445,Wrecking Ball,Miley Cyrus
1446,Youre Nobody Til Somebody Loves You,James Arthur
1447,Roar,Katy Perry
1448,Booyah,Showtek/We Are Loud/Wilson
1449,Eat Sleep Rave Repeat,Fatboyslim/Rivastarr/Beardyman
1450,Counting Stars,One Republic
1451,Look Right Through,Storm Queen
1452,Royals,Lorde
1453,Animals,Martin Garrix
1454,Move,Little Mix
1455,Under Control,Calvin Harris/Alesso/Hurts
1456,Of The Night,Bastille
